{
    "version": 1,
    "revision": 0,
    "rules": [
        {
            "primary-output": "Release\\State.ixx.obj",
            "outputs": [
                "C:\\Users\\oski0\\source\\repos\\c99d292d-gr31-repo\\Projekt\\FlappyBird\\FlappyBird\\Release\\vc143.pdb",
                "Release\\",
                "C:\\Users\\oski0\\source\\repos\\c99d292d-gr31-repo\\Projekt\\FlappyBird\\FlappyBird\\Release\\State.ixx.ifc"
            ],
            "provides": [
                {
                    "logical-name": "State",
                    "source-path": "c:\\users\\oski0\\source\\repos\\c99d292d-gr31-repo\\projekt\\flappybird\\flappybird\\state.ixx",
                    "is-interface": true
                }
            ],
            "requires": []
        }
    ]
}