{
    "Version": "1.2",
    "Data": {
        "Source": "c:\\users\\oski0\\source\\repos\\c99d292d-gr31-repo\\projekt\\flappybird\\flappybird\\statemachine.ixx",
        "ProvidedModule": "StateMachine",
        "Includes": [
            "c:\\program files\\microsoft visual studio\\2022\\community\\vc\\tools\\msvc\\14.39.33519\\include\\memory",
            "c:\\program files\\microsoft visual studio\\2022\\community\\vc\\tools\\msvc\\14.39.33519\\include\\yvals_core.h",
            "c:\\program files\\microsoft visual studio\\2022\\community\\vc\\tools\\msvc\\14.39.33519\\include\\vcruntime.h",
            "c:\\program files\\microsoft visual studio\\2022\\community\\vc\\tools\\msvc\\14.39.33519\\include\\sal.h",
            "c:\\program files\\microsoft visual studio\\2022\\community\\vc\\tools\\msvc\\14.39.33519\\include\\concurrencysal.h",
            "c:\\program files\\microsoft visual studio\\2022\\community\\vc\\tools\\msvc\\14.39.33519\\include\\vadefs.h",
            "c:\\program files\\microsoft visual studio\\2022\\community\\vc\\tools\\msvc\\14.39.33519\\include\\xkeycheck.h",
            "c:\\program files\\microsoft visual studio\\2022\\community\\vc\\tools\\msvc\\14.39.33519\\include\\exception",
            "c:\\program files\\microsoft visual studio\\2022\\community\\vc\\tools\\msvc\\14.39.33519\\include\\yvals.h",
            "c:\\program files (x86)\\windows kits\\10\\include\\10.0.22621.0\\ucrt\\crtdbg.h",
            "c:\\program files (x86)\\windows kits\\10\\include\\10.0.22621.0\\ucrt\\corecrt.h",
            "c:\\program files\\microsoft visual studio\\2022\\community\\vc\\tools\\msvc\\14.39.33519\\include\\vcruntime_new_debug.h",
            "c:\\program files\\microsoft visual studio\\2022\\community\\vc\\tools\\msvc\\14.39.33519\\include\\vcruntime_new.h",
            "c:\\program files\\microsoft visual studio\\2022\\community\\vc\\tools\\msvc\\14.39.33519\\include\\crtdefs.h",
            "c:\\program files\\microsoft visual studio\\2022\\community\\vc\\tools\\msvc\\14.39.33519\\include\\use_ansi.h",
            "c:\\program files\\microsoft visual studio\\2022\\community\\vc\\tools\\msvc\\14.39.33519\\include\\cstdlib",
            "c:\\program files (x86)\\windows kits\\10\\include\\10.0.22621.0\\ucrt\\math.h",
            "c:\\program files (x86)\\windows kits\\10\\include\\10.0.22621.0\\ucrt\\corecrt_math.h",
            "c:\\program files (x86)\\windows kits\\10\\include\\10.0.22621.0\\ucrt\\stdlib.h",
            "c:\\program files (x86)\\windows kits\\10\\include\\10.0.22621.0\\ucrt\\corecrt_malloc.h",
            "c:\\program files (x86)\\windows kits\\10\\include\\10.0.22621.0\\ucrt\\corecrt_search.h",
            "c:\\program files (x86)\\windows kits\\10\\include\\10.0.22621.0\\ucrt\\stddef.h",
            "c:\\program files (x86)\\windows kits\\10\\include\\10.0.22621.0\\ucrt\\corecrt_wstdlib.h",
            "c:\\program files\\microsoft visual studio\\2022\\community\\vc\\tools\\msvc\\14.39.33519\\include\\limits.h",
            "c:\\program files\\microsoft visual studio\\2022\\community\\vc\\tools\\msvc\\14.39.33519\\include\\type_traits",
            "c:\\program files\\microsoft visual studio\\2022\\community\\vc\\tools\\msvc\\14.39.33519\\include\\cstddef",
            "c:\\program files\\microsoft visual studio\\2022\\community\\vc\\tools\\msvc\\14.39.33519\\include\\xtr1common",
            "c:\\program files\\microsoft visual studio\\2022\\community\\vc\\tools\\msvc\\14.39.33519\\include\\cstdint",
            "c:\\program files\\microsoft visual studio\\2022\\community\\vc\\tools\\msvc\\14.39.33519\\include\\stdint.h",
            "c:\\program files (x86)\\windows kits\\10\\include\\10.0.22621.0\\ucrt\\malloc.h",
            "c:\\program files\\microsoft visual studio\\2022\\community\\vc\\tools\\msvc\\14.39.33519\\include\\vcruntime_exception.h",
            "c:\\program files\\microsoft visual studio\\2022\\community\\vc\\tools\\msvc\\14.39.33519\\include\\eh.h",
            "c:\\program files (x86)\\windows kits\\10\\include\\10.0.22621.0\\ucrt\\corecrt_terminate.h",
            "c:\\program files\\microsoft visual studio\\2022\\community\\vc\\tools\\msvc\\14.39.33519\\include\\iosfwd",
            "c:\\program files\\microsoft visual studio\\2022\\community\\vc\\tools\\msvc\\14.39.33519\\include\\cstdio",
            "c:\\program files (x86)\\windows kits\\10\\include\\10.0.22621.0\\ucrt\\stdio.h",
            "c:\\program files (x86)\\windows kits\\10\\include\\10.0.22621.0\\ucrt\\corecrt_wstdio.h",
            "c:\\program files (x86)\\windows kits\\10\\include\\10.0.22621.0\\ucrt\\corecrt_stdio_config.h",
            "c:\\program files\\microsoft visual studio\\2022\\community\\vc\\tools\\msvc\\14.39.33519\\include\\cstring",
            "c:\\program files (x86)\\windows kits\\10\\include\\10.0.22621.0\\ucrt\\string.h",
            "c:\\program files (x86)\\windows kits\\10\\include\\10.0.22621.0\\ucrt\\corecrt_memory.h",
            "c:\\program files (x86)\\windows kits\\10\\include\\10.0.22621.0\\ucrt\\corecrt_memcpy_s.h",
            "c:\\program files (x86)\\windows kits\\10\\include\\10.0.22621.0\\ucrt\\errno.h",
            "c:\\program files\\microsoft visual studio\\2022\\community\\vc\\tools\\msvc\\14.39.33519\\include\\vcruntime_string.h",
            "c:\\program files (x86)\\windows kits\\10\\include\\10.0.22621.0\\ucrt\\corecrt_wstring.h",
            "c:\\program files\\microsoft visual studio\\2022\\community\\vc\\tools\\msvc\\14.39.33519\\include\\cwchar",
            "c:\\program files (x86)\\windows kits\\10\\include\\10.0.22621.0\\ucrt\\wchar.h",
            "c:\\program files (x86)\\windows kits\\10\\include\\10.0.22621.0\\ucrt\\corecrt_wconio.h",
            "c:\\program files (x86)\\windows kits\\10\\include\\10.0.22621.0\\ucrt\\corecrt_wctype.h",
            "c:\\program files (x86)\\windows kits\\10\\include\\10.0.22621.0\\ucrt\\corecrt_wdirect.h",
            "c:\\program files (x86)\\windows kits\\10\\include\\10.0.22621.0\\ucrt\\corecrt_wio.h",
            "c:\\program files (x86)\\windows kits\\10\\include\\10.0.22621.0\\ucrt\\corecrt_share.h",
            "c:\\program files (x86)\\windows kits\\10\\include\\10.0.22621.0\\ucrt\\corecrt_wprocess.h",
            "c:\\program files (x86)\\windows kits\\10\\include\\10.0.22621.0\\ucrt\\corecrt_wtime.h",
            "c:\\program files (x86)\\windows kits\\10\\include\\10.0.22621.0\\ucrt\\sys\\stat.h",
            "c:\\program files (x86)\\windows kits\\10\\include\\10.0.22621.0\\ucrt\\sys\\types.h",
            "c:\\program files\\microsoft visual studio\\2022\\community\\vc\\tools\\msvc\\14.39.33519\\include\\typeinfo",
            "c:\\program files\\microsoft visual studio\\2022\\community\\vc\\tools\\msvc\\14.39.33519\\include\\vcruntime_typeinfo.h",
            "c:\\program files\\microsoft visual studio\\2022\\community\\vc\\tools\\msvc\\14.39.33519\\include\\xmemory",
            "c:\\program files\\microsoft visual studio\\2022\\community\\vc\\tools\\msvc\\14.39.33519\\include\\limits",
            "c:\\program files\\microsoft visual studio\\2022\\community\\vc\\tools\\msvc\\14.39.33519\\include\\cfloat",
            "c:\\program files (x86)\\windows kits\\10\\include\\10.0.22621.0\\ucrt\\float.h",
            "c:\\program files\\microsoft visual studio\\2022\\community\\vc\\tools\\msvc\\14.39.33519\\include\\climits",
            "c:\\program files\\microsoft visual studio\\2022\\community\\vc\\tools\\msvc\\14.39.33519\\include\\intrin0.h",
            "c:\\program files\\microsoft visual studio\\2022\\community\\vc\\tools\\msvc\\14.39.33519\\include\\intrin0.inl.h",
            "c:\\program files\\microsoft visual studio\\2022\\community\\vc\\tools\\msvc\\14.39.33519\\include\\new",
            "c:\\program files\\microsoft visual studio\\2022\\community\\vc\\tools\\msvc\\14.39.33519\\include\\xatomic.h",
            "c:\\program files\\microsoft visual studio\\2022\\community\\vc\\tools\\msvc\\14.39.33519\\include\\xutility",
            "c:\\program files\\microsoft visual studio\\2022\\community\\vc\\tools\\msvc\\14.39.33519\\include\\__msvc_iter_core.hpp",
            "c:\\program files\\microsoft visual studio\\2022\\community\\vc\\tools\\msvc\\14.39.33519\\include\\utility",
            "c:\\program files\\microsoft visual studio\\2022\\community\\vc\\tools\\msvc\\14.39.33519\\include\\initializer_list",
            "c:\\program files\\microsoft visual studio\\2022\\community\\vc\\tools\\msvc\\14.39.33519\\include\\concepts",
            "c:\\program files\\microsoft visual studio\\2022\\community\\vc\\tools\\msvc\\14.39.33519\\include\\compare",
            "c:\\program files\\microsoft visual studio\\2022\\community\\vc\\tools\\msvc\\14.39.33519\\include\\tuple",
            "c:\\program files\\microsoft visual studio\\2022\\community\\vc\\tools\\msvc\\14.39.33519\\include\\atomic",
            "c:\\program files\\microsoft visual studio\\2022\\community\\vc\\tools\\msvc\\14.39.33519\\include\\xatomic_wait.h",
            "c:\\program files\\microsoft visual studio\\2022\\community\\vc\\tools\\msvc\\14.39.33519\\include\\xthreads.h",
            "c:\\program files\\microsoft visual studio\\2022\\community\\vc\\tools\\msvc\\14.39.33519\\include\\xtimec.h",
            "c:\\program files\\microsoft visual studio\\2022\\community\\vc\\tools\\msvc\\14.39.33519\\include\\ctime",
            "c:\\program files (x86)\\windows kits\\10\\include\\10.0.22621.0\\ucrt\\time.h",
            "c:\\program files\\microsoft visual studio\\2022\\community\\vc\\tools\\msvc\\14.39.33519\\include\\stack",
            "c:\\program files\\microsoft visual studio\\2022\\community\\vc\\tools\\msvc\\14.39.33519\\include\\deque",
            "c:\\program files\\microsoft visual studio\\2022\\community\\vc\\tools\\msvc\\14.39.33519\\include\\xpolymorphic_allocator.h"
        ],
        "ImportedModules": [
            {
                "Name": "State",
                "BMI": "C:\\Users\\oski0\\source\\repos\\c99d292d-gr31-repo\\Projekt\\FlappyBird\\FlappyBird\\Release\\State.ixx.ifc"
            }
        ],
        "ImportedHeaderUnits": []
    }
}