{
    "version": 1,
    "revision": 0,
    "rules": [
        {
            "primary-output": "Debug\\AssetManager.ixx.obj",
            "outputs": [
                "C:\\Users\\oski0\\source\\repos\\c99d292d-gr31-repo\\Projekt\\FlappyBird\\FlappyBird\\Debug\\vc143.pdb",
                "Debug\\",
                "C:\\Users\\oski0\\source\\repos\\c99d292d-gr31-repo\\Projekt\\FlappyBird\\FlappyBird\\Debug\\AssetManager.ixx.ifc"
            ],
            "provides": [
                {
                    "logical-name": "AssetManager",
                    "source-path": "c:\\users\\oski0\\source\\repos\\c99d292d-gr31-repo\\projekt\\flappybird\\flappybird\\assetmanager.ixx",
                    "is-interface": true
                }
            ],
            "requires": []
        }
    ]
}