{
    "version": 1,
    "revision": 0,
    "rules": [
        {
            "primary-output": "x64\\Debug\\Definitions.ixx.obj",
            "outputs": [
                "C:\\Users\\machm\\OneDrive - Politechnika Śląska\\Documents\\sem4\\FlappyBird\\FlappyBird\\x64\\Debug\\vc143.pdb",
                "x64\\Debug\\",
                "C:\\Users\\machm\\OneDrive - Politechnika Śląska\\Documents\\sem4\\FlappyBird\\FlappyBird\\x64\\Debug\\Definitions.ixx.ifc"
            ],
            "provides": [
                {
                    "logical-name": "Definitions",
                    "source-path": "c:\\users\\machm\\onedrive - politechnika śląska\\documents\\sem4\\flappybird\\flappybird\\definitions.ixx",
                    "is-interface": true
                }
            ],
            "requires": []
        }
    ]
}