{
    "Version": "1.2",
    "Data": {
        "Source": "c:\\users\\oski0\\source\\repos\\c99d292d-gr31-repo\\projekt\\flappybird\\flappybird\\splashstate.h",
        "ProvidedModule": "",
        "Includes": [
            "c:\\users\\oski0\\onedrive\\pulpit\\sfml\\include\\sfml\\graphics.hpp",
            "c:\\users\\oski0\\onedrive\\pulpit\\sfml\\include\\sfml\\window.hpp",
            "c:\\users\\oski0\\onedrive\\pulpit\\sfml\\include\\sfml\\system.hpp",
            "c:\\users\\oski0\\onedrive\\pulpit\\sfml\\include\\sfml\\config.hpp",
            "c:\\users\\oski0\\onedrive\\pulpit\\sfml\\include\\sfml\\system\\clock.hpp",
            "c:\\users\\oski0\\onedrive\\pulpit\\sfml\\include\\sfml\\system\\export.hpp",
            "c:\\users\\oski0\\onedrive\\pulpit\\sfml\\include\\sfml\\system\\time.hpp",
            "c:\\users\\oski0\\onedrive\\pulpit\\sfml\\include\\sfml\\system\\err.hpp",
            "c:\\program files\\microsoft visual studio\\2022\\community\\vc\\tools\\msvc\\14.39.33519\\include\\ostream",
            "c:\\program files\\microsoft visual studio\\2022\\community\\vc\\tools\\msvc\\14.39.33519\\include\\yvals_core.h",
            "c:\\program files\\microsoft visual studio\\2022\\community\\vc\\tools\\msvc\\14.39.33519\\include\\vcruntime.h",
            "c:\\program files\\microsoft visual studio\\2022\\community\\vc\\tools\\msvc\\14.39.33519\\include\\sal.h",
            "c:\\program files\\microsoft visual studio\\2022\\community\\vc\\tools\\msvc\\14.39.33519\\include\\concurrencysal.h",
            "c:\\program files\\microsoft visual studio\\2022\\community\\vc\\tools\\msvc\\14.39.33519\\include\\vadefs.h",
            "c:\\program files\\microsoft visual studio\\2022\\community\\vc\\tools\\msvc\\14.39.33519\\include\\xkeycheck.h",
            "c:\\program files\\microsoft visual studio\\2022\\community\\vc\\tools\\msvc\\14.39.33519\\include\\ios",
            "c:\\program files\\microsoft visual studio\\2022\\community\\vc\\tools\\msvc\\14.39.33519\\include\\xlocnum",
            "c:\\program files\\microsoft visual studio\\2022\\community\\vc\\tools\\msvc\\14.39.33519\\include\\climits",
            "c:\\program files\\microsoft visual studio\\2022\\community\\vc\\tools\\msvc\\14.39.33519\\include\\limits.h",
            "c:\\program files\\microsoft visual studio\\2022\\community\\vc\\tools\\msvc\\14.39.33519\\include\\cmath",
            "c:\\program files\\microsoft visual studio\\2022\\community\\vc\\tools\\msvc\\14.39.33519\\include\\yvals.h",
            "c:\\program files (x86)\\windows kits\\10\\include\\10.0.22621.0\\ucrt\\crtdbg.h",
            "c:\\program files (x86)\\windows kits\\10\\include\\10.0.22621.0\\ucrt\\corecrt.h",
            "c:\\program files\\microsoft visual studio\\2022\\community\\vc\\tools\\msvc\\14.39.33519\\include\\vcruntime_new_debug.h",
            "c:\\program files\\microsoft visual studio\\2022\\community\\vc\\tools\\msvc\\14.39.33519\\include\\vcruntime_new.h",
            "c:\\program files\\microsoft visual studio\\2022\\community\\vc\\tools\\msvc\\14.39.33519\\include\\crtdefs.h",
            "c:\\program files\\microsoft visual studio\\2022\\community\\vc\\tools\\msvc\\14.39.33519\\include\\use_ansi.h",
            "c:\\program files\\microsoft visual studio\\2022\\community\\vc\\tools\\msvc\\14.39.33519\\include\\cstdlib",
            "c:\\program files (x86)\\windows kits\\10\\include\\10.0.22621.0\\ucrt\\math.h",
            "c:\\program files (x86)\\windows kits\\10\\include\\10.0.22621.0\\ucrt\\corecrt_math.h",
            "c:\\program files (x86)\\windows kits\\10\\include\\10.0.22621.0\\ucrt\\stdlib.h",
            "c:\\program files (x86)\\windows kits\\10\\include\\10.0.22621.0\\ucrt\\corecrt_malloc.h",
            "c:\\program files (x86)\\windows kits\\10\\include\\10.0.22621.0\\ucrt\\corecrt_search.h",
            "c:\\program files (x86)\\windows kits\\10\\include\\10.0.22621.0\\ucrt\\stddef.h",
            "c:\\program files (x86)\\windows kits\\10\\include\\10.0.22621.0\\ucrt\\corecrt_wstdlib.h",
            "c:\\program files\\microsoft visual studio\\2022\\community\\vc\\tools\\msvc\\14.39.33519\\include\\xtr1common",
            "c:\\program files\\microsoft visual studio\\2022\\community\\vc\\tools\\msvc\\14.39.33519\\include\\intrin0.h",
            "c:\\program files\\microsoft visual studio\\2022\\community\\vc\\tools\\msvc\\14.39.33519\\include\\intrin0.inl.h",
            "c:\\program files\\microsoft visual studio\\2022\\community\\vc\\tools\\msvc\\14.39.33519\\include\\xutility",
            "c:\\program files\\microsoft visual studio\\2022\\community\\vc\\tools\\msvc\\14.39.33519\\include\\__msvc_iter_core.hpp",
            "c:\\program files\\microsoft visual studio\\2022\\community\\vc\\tools\\msvc\\14.39.33519\\include\\utility",
            "c:\\program files\\microsoft visual studio\\2022\\community\\vc\\tools\\msvc\\14.39.33519\\include\\initializer_list",
            "c:\\program files\\microsoft visual studio\\2022\\community\\vc\\tools\\msvc\\14.39.33519\\include\\cstddef",
            "c:\\program files\\microsoft visual studio\\2022\\community\\vc\\tools\\msvc\\14.39.33519\\include\\type_traits",
            "c:\\program files\\microsoft visual studio\\2022\\community\\vc\\tools\\msvc\\14.39.33519\\include\\cstdint",
            "c:\\program files\\microsoft visual studio\\2022\\community\\vc\\tools\\msvc\\14.39.33519\\include\\stdint.h",
            "c:\\program files\\microsoft visual studio\\2022\\community\\vc\\tools\\msvc\\14.39.33519\\include\\concepts",
            "c:\\program files\\microsoft visual studio\\2022\\community\\vc\\tools\\msvc\\14.39.33519\\include\\compare",
            "c:\\program files\\microsoft visual studio\\2022\\community\\vc\\tools\\msvc\\14.39.33519\\include\\cstring",
            "c:\\program files (x86)\\windows kits\\10\\include\\10.0.22621.0\\ucrt\\string.h",
            "c:\\program files (x86)\\windows kits\\10\\include\\10.0.22621.0\\ucrt\\corecrt_memory.h",
            "c:\\program files (x86)\\windows kits\\10\\include\\10.0.22621.0\\ucrt\\corecrt_memcpy_s.h",
            "c:\\program files (x86)\\windows kits\\10\\include\\10.0.22621.0\\ucrt\\errno.h",
            "c:\\program files\\microsoft visual studio\\2022\\community\\vc\\tools\\msvc\\14.39.33519\\include\\vcruntime_string.h",
            "c:\\program files (x86)\\windows kits\\10\\include\\10.0.22621.0\\ucrt\\corecrt_wstring.h",
            "c:\\program files\\microsoft visual studio\\2022\\community\\vc\\tools\\msvc\\14.39.33519\\include\\cstdio",
            "c:\\program files (x86)\\windows kits\\10\\include\\10.0.22621.0\\ucrt\\stdio.h",
            "c:\\program files (x86)\\windows kits\\10\\include\\10.0.22621.0\\ucrt\\corecrt_wstdio.h",
            "c:\\program files (x86)\\windows kits\\10\\include\\10.0.22621.0\\ucrt\\corecrt_stdio_config.h",
            "c:\\program files\\microsoft visual studio\\2022\\community\\vc\\tools\\msvc\\14.39.33519\\include\\iterator",
            "c:\\program files\\microsoft visual studio\\2022\\community\\vc\\tools\\msvc\\14.39.33519\\include\\iosfwd",
            "c:\\program files\\microsoft visual studio\\2022\\community\\vc\\tools\\msvc\\14.39.33519\\include\\cwchar",
            "c:\\program files (x86)\\windows kits\\10\\include\\10.0.22621.0\\ucrt\\wchar.h",
            "c:\\program files (x86)\\windows kits\\10\\include\\10.0.22621.0\\ucrt\\corecrt_wconio.h",
            "c:\\program files (x86)\\windows kits\\10\\include\\10.0.22621.0\\ucrt\\corecrt_wctype.h",
            "c:\\program files (x86)\\windows kits\\10\\include\\10.0.22621.0\\ucrt\\corecrt_wdirect.h",
            "c:\\program files (x86)\\windows kits\\10\\include\\10.0.22621.0\\ucrt\\corecrt_wio.h",
            "c:\\program files (x86)\\windows kits\\10\\include\\10.0.22621.0\\ucrt\\corecrt_share.h",
            "c:\\program files (x86)\\windows kits\\10\\include\\10.0.22621.0\\ucrt\\corecrt_wprocess.h",
            "c:\\program files (x86)\\windows kits\\10\\include\\10.0.22621.0\\ucrt\\corecrt_wtime.h",
            "c:\\program files (x86)\\windows kits\\10\\include\\10.0.22621.0\\ucrt\\sys\\stat.h",
            "c:\\program files (x86)\\windows kits\\10\\include\\10.0.22621.0\\ucrt\\sys\\types.h",
            "c:\\program files\\microsoft visual studio\\2022\\community\\vc\\tools\\msvc\\14.39.33519\\include\\streambuf",
            "c:\\program files\\microsoft visual studio\\2022\\community\\vc\\tools\\msvc\\14.39.33519\\include\\xiosbase",
            "c:\\program files (x86)\\windows kits\\10\\include\\10.0.22621.0\\ucrt\\share.h",
            "c:\\program files\\microsoft visual studio\\2022\\community\\vc\\tools\\msvc\\14.39.33519\\include\\system_error",
            "c:\\program files\\microsoft visual studio\\2022\\community\\vc\\tools\\msvc\\14.39.33519\\include\\__msvc_system_error_abi.hpp",
            "c:\\program files\\microsoft visual studio\\2022\\community\\vc\\tools\\msvc\\14.39.33519\\include\\cerrno",
            "c:\\program files\\microsoft visual studio\\2022\\community\\vc\\tools\\msvc\\14.39.33519\\include\\stdexcept",
            "c:\\program files\\microsoft visual studio\\2022\\community\\vc\\tools\\msvc\\14.39.33519\\include\\exception",
            "c:\\program files (x86)\\windows kits\\10\\include\\10.0.22621.0\\ucrt\\malloc.h",
            "c:\\program files\\microsoft visual studio\\2022\\community\\vc\\tools\\msvc\\14.39.33519\\include\\vcruntime_exception.h",
            "c:\\program files\\microsoft visual studio\\2022\\community\\vc\\tools\\msvc\\14.39.33519\\include\\eh.h",
            "c:\\program files (x86)\\windows kits\\10\\include\\10.0.22621.0\\ucrt\\corecrt_terminate.h",
            "c:\\program files\\microsoft visual studio\\2022\\community\\vc\\tools\\msvc\\14.39.33519\\include\\xstring",
            "c:\\program files\\microsoft visual studio\\2022\\community\\vc\\tools\\msvc\\14.39.33519\\include\\__msvc_sanitizer_annotate_container.hpp",
            "c:\\program files\\microsoft visual studio\\2022\\community\\vc\\tools\\msvc\\14.39.33519\\include\\xmemory",
            "c:\\program files\\microsoft visual studio\\2022\\community\\vc\\tools\\msvc\\14.39.33519\\include\\limits",
            "c:\\program files\\microsoft visual studio\\2022\\community\\vc\\tools\\msvc\\14.39.33519\\include\\cfloat",
            "c:\\program files (x86)\\windows kits\\10\\include\\10.0.22621.0\\ucrt\\float.h",
            "c:\\program files\\microsoft visual studio\\2022\\community\\vc\\tools\\msvc\\14.39.33519\\include\\new",
            "c:\\program files\\microsoft visual studio\\2022\\community\\vc\\tools\\msvc\\14.39.33519\\include\\xatomic.h",
            "c:\\program files\\microsoft visual studio\\2022\\community\\vc\\tools\\msvc\\14.39.33519\\include\\tuple",
            "c:\\program files\\microsoft visual studio\\2022\\community\\vc\\tools\\msvc\\14.39.33519\\include\\xpolymorphic_allocator.h",
            "c:\\program files\\microsoft visual studio\\2022\\community\\vc\\tools\\msvc\\14.39.33519\\include\\xcall_once.h",
            "c:\\program files\\microsoft visual studio\\2022\\community\\vc\\tools\\msvc\\14.39.33519\\include\\xerrc.h",
            "c:\\program files\\microsoft visual studio\\2022\\community\\vc\\tools\\msvc\\14.39.33519\\include\\atomic",
            "c:\\program files\\microsoft visual studio\\2022\\community\\vc\\tools\\msvc\\14.39.33519\\include\\xatomic_wait.h",
            "c:\\program files\\microsoft visual studio\\2022\\community\\vc\\tools\\msvc\\14.39.33519\\include\\xthreads.h",
            "c:\\program files\\microsoft visual studio\\2022\\community\\vc\\tools\\msvc\\14.39.33519\\include\\xtimec.h",
            "c:\\program files\\microsoft visual studio\\2022\\community\\vc\\tools\\msvc\\14.39.33519\\include\\ctime",
            "c:\\program files (x86)\\windows kits\\10\\include\\10.0.22621.0\\ucrt\\time.h",
            "c:\\program files\\microsoft visual studio\\2022\\community\\vc\\tools\\msvc\\14.39.33519\\include\\xlocale",
            "c:\\program files\\microsoft visual studio\\2022\\community\\vc\\tools\\msvc\\14.39.33519\\include\\memory",
            "c:\\program files\\microsoft visual studio\\2022\\community\\vc\\tools\\msvc\\14.39.33519\\include\\typeinfo",
            "c:\\program files\\microsoft visual studio\\2022\\community\\vc\\tools\\msvc\\14.39.33519\\include\\vcruntime_typeinfo.h",
            "c:\\program files\\microsoft visual studio\\2022\\community\\vc\\tools\\msvc\\14.39.33519\\include\\xfacet",
            "c:\\program files\\microsoft visual studio\\2022\\community\\vc\\tools\\msvc\\14.39.33519\\include\\xlocinfo",
            "c:\\program files\\microsoft visual studio\\2022\\community\\vc\\tools\\msvc\\14.39.33519\\include\\__msvc_xlocinfo_types.hpp",
            "c:\\program files\\microsoft visual studio\\2022\\community\\vc\\tools\\msvc\\14.39.33519\\include\\cctype",
            "c:\\program files (x86)\\windows kits\\10\\include\\10.0.22621.0\\ucrt\\ctype.h",
            "c:\\program files\\microsoft visual studio\\2022\\community\\vc\\tools\\msvc\\14.39.33519\\include\\clocale",
            "c:\\program files (x86)\\windows kits\\10\\include\\10.0.22621.0\\ucrt\\locale.h",
            "c:\\users\\oski0\\onedrive\\pulpit\\sfml\\include\\sfml\\system\\fileinputstream.hpp",
            "c:\\users\\oski0\\onedrive\\pulpit\\sfml\\include\\sfml\\system\\inputstream.hpp",
            "c:\\users\\oski0\\onedrive\\pulpit\\sfml\\include\\sfml\\system\\noncopyable.hpp",
            "c:\\program files\\microsoft visual studio\\2022\\community\\vc\\tools\\msvc\\14.39.33519\\include\\string",
            "c:\\users\\oski0\\onedrive\\pulpit\\sfml\\include\\sfml\\system\\lock.hpp",
            "c:\\users\\oski0\\onedrive\\pulpit\\sfml\\include\\sfml\\system\\memoryinputstream.hpp",
            "c:\\users\\oski0\\onedrive\\pulpit\\sfml\\include\\sfml\\system\\mutex.hpp",
            "c:\\users\\oski0\\onedrive\\pulpit\\sfml\\include\\sfml\\system\\sleep.hpp",
            "c:\\users\\oski0\\onedrive\\pulpit\\sfml\\include\\sfml\\system\\string.hpp",
            "c:\\users\\oski0\\onedrive\\pulpit\\sfml\\include\\sfml\\system\\utf.hpp",
            "c:\\program files\\microsoft visual studio\\2022\\community\\vc\\tools\\msvc\\14.39.33519\\include\\algorithm",
            "c:\\program files\\microsoft visual studio\\2022\\community\\vc\\tools\\msvc\\14.39.33519\\include\\locale",
            "c:\\program files\\microsoft visual studio\\2022\\community\\vc\\tools\\msvc\\14.39.33519\\include\\xlocbuf",
            "c:\\program files\\microsoft visual studio\\2022\\community\\vc\\tools\\msvc\\14.39.33519\\include\\xlocmes",
            "c:\\program files\\microsoft visual studio\\2022\\community\\vc\\tools\\msvc\\14.39.33519\\include\\xlocmon",
            "c:\\program files\\microsoft visual studio\\2022\\community\\vc\\tools\\msvc\\14.39.33519\\include\\xloctime",
            "c:\\users\\oski0\\onedrive\\pulpit\\sfml\\include\\sfml\\system\\utf.inl",
            "c:\\users\\oski0\\onedrive\\pulpit\\sfml\\include\\sfml\\system\\string.inl",
            "c:\\users\\oski0\\onedrive\\pulpit\\sfml\\include\\sfml\\system\\thread.hpp",
            "c:\\users\\oski0\\onedrive\\pulpit\\sfml\\include\\sfml\\system\\thread.inl",
            "c:\\users\\oski0\\onedrive\\pulpit\\sfml\\include\\sfml\\system\\threadlocal.hpp",
            "c:\\users\\oski0\\onedrive\\pulpit\\sfml\\include\\sfml\\system\\threadlocalptr.hpp",
            "c:\\users\\oski0\\onedrive\\pulpit\\sfml\\include\\sfml\\system\\threadlocalptr.inl",
            "c:\\users\\oski0\\onedrive\\pulpit\\sfml\\include\\sfml\\system\\vector2.hpp",
            "c:\\users\\oski0\\onedrive\\pulpit\\sfml\\include\\sfml\\system\\vector2.inl",
            "c:\\users\\oski0\\onedrive\\pulpit\\sfml\\include\\sfml\\system\\vector3.hpp",
            "c:\\users\\oski0\\onedrive\\pulpit\\sfml\\include\\sfml\\system\\vector3.inl",
            "c:\\users\\oski0\\onedrive\\pulpit\\sfml\\include\\sfml\\window\\clipboard.hpp",
            "c:\\users\\oski0\\onedrive\\pulpit\\sfml\\include\\sfml\\window\\export.hpp",
            "c:\\users\\oski0\\onedrive\\pulpit\\sfml\\include\\sfml\\window\\context.hpp",
            "c:\\users\\oski0\\onedrive\\pulpit\\sfml\\include\\sfml\\window\\glresource.hpp",
            "c:\\users\\oski0\\onedrive\\pulpit\\sfml\\include\\sfml\\window\\contextsettings.hpp",
            "c:\\users\\oski0\\onedrive\\pulpit\\sfml\\include\\sfml\\window\\cursor.hpp",
            "c:\\users\\oski0\\onedrive\\pulpit\\sfml\\include\\sfml\\window\\event.hpp",
            "c:\\users\\oski0\\onedrive\\pulpit\\sfml\\include\\sfml\\window\\joystick.hpp",
            "c:\\users\\oski0\\onedrive\\pulpit\\sfml\\include\\sfml\\window\\keyboard.hpp",
            "c:\\users\\oski0\\onedrive\\pulpit\\sfml\\include\\sfml\\window\\mouse.hpp",
            "c:\\users\\oski0\\onedrive\\pulpit\\sfml\\include\\sfml\\window\\sensor.hpp",
            "c:\\users\\oski0\\onedrive\\pulpit\\sfml\\include\\sfml\\window\\touch.hpp",
            "c:\\users\\oski0\\onedrive\\pulpit\\sfml\\include\\sfml\\window\\videomode.hpp",
            "c:\\program files\\microsoft visual studio\\2022\\community\\vc\\tools\\msvc\\14.39.33519\\include\\vector",
            "c:\\program files\\microsoft visual studio\\2022\\community\\vc\\tools\\msvc\\14.39.33519\\include\\__msvc_bit_utils.hpp",
            "c:\\users\\oski0\\onedrive\\pulpit\\sfml\\include\\sfml\\window\\window.hpp",
            "c:\\users\\oski0\\onedrive\\pulpit\\sfml\\include\\sfml\\window\\windowbase.hpp",
            "c:\\users\\oski0\\onedrive\\pulpit\\sfml\\include\\sfml\\window\\vulkan.hpp",
            "c:\\users\\oski0\\onedrive\\pulpit\\sfml\\include\\sfml\\window\\windowhandle.hpp",
            "c:\\users\\oski0\\onedrive\\pulpit\\sfml\\include\\sfml\\window\\windowstyle.hpp",
            "c:\\users\\oski0\\onedrive\\pulpit\\sfml\\include\\sfml\\graphics\\blendmode.hpp",
            "c:\\users\\oski0\\onedrive\\pulpit\\sfml\\include\\sfml\\graphics\\export.hpp",
            "c:\\users\\oski0\\onedrive\\pulpit\\sfml\\include\\sfml\\graphics\\circleshape.hpp",
            "c:\\users\\oski0\\onedrive\\pulpit\\sfml\\include\\sfml\\graphics\\shape.hpp",
            "c:\\users\\oski0\\onedrive\\pulpit\\sfml\\include\\sfml\\graphics\\drawable.hpp",
            "c:\\users\\oski0\\onedrive\\pulpit\\sfml\\include\\sfml\\graphics\\renderstates.hpp",
            "c:\\users\\oski0\\onedrive\\pulpit\\sfml\\include\\sfml\\graphics\\transform.hpp",
            "c:\\users\\oski0\\onedrive\\pulpit\\sfml\\include\\sfml\\graphics\\rect.hpp",
            "c:\\users\\oski0\\onedrive\\pulpit\\sfml\\include\\sfml\\graphics\\rect.inl",
            "c:\\users\\oski0\\onedrive\\pulpit\\sfml\\include\\sfml\\graphics\\transformable.hpp",
            "c:\\users\\oski0\\onedrive\\pulpit\\sfml\\include\\sfml\\graphics\\vertexarray.hpp",
            "c:\\users\\oski0\\onedrive\\pulpit\\sfml\\include\\sfml\\graphics\\vertex.hpp",
            "c:\\users\\oski0\\onedrive\\pulpit\\sfml\\include\\sfml\\graphics\\color.hpp",
            "c:\\users\\oski0\\onedrive\\pulpit\\sfml\\include\\sfml\\graphics\\primitivetype.hpp",
            "c:\\users\\oski0\\onedrive\\pulpit\\sfml\\include\\sfml\\graphics\\convexshape.hpp",
            "c:\\users\\oski0\\onedrive\\pulpit\\sfml\\include\\sfml\\graphics\\font.hpp",
            "c:\\users\\oski0\\onedrive\\pulpit\\sfml\\include\\sfml\\graphics\\glyph.hpp",
            "c:\\users\\oski0\\onedrive\\pulpit\\sfml\\include\\sfml\\graphics\\texture.hpp",
            "c:\\users\\oski0\\onedrive\\pulpit\\sfml\\include\\sfml\\graphics\\image.hpp",
            "c:\\program files\\microsoft visual studio\\2022\\community\\vc\\tools\\msvc\\14.39.33519\\include\\map",
            "c:\\program files\\microsoft visual studio\\2022\\community\\vc\\tools\\msvc\\14.39.33519\\include\\xtree",
            "c:\\program files\\microsoft visual studio\\2022\\community\\vc\\tools\\msvc\\14.39.33519\\include\\xnode_handle.h",
            "c:\\users\\oski0\\onedrive\\pulpit\\sfml\\include\\sfml\\graphics\\rectangleshape.hpp",
            "c:\\users\\oski0\\onedrive\\pulpit\\sfml\\include\\sfml\\graphics\\rendertarget.hpp",
            "c:\\users\\oski0\\onedrive\\pulpit\\sfml\\include\\sfml\\graphics\\view.hpp",
            "c:\\users\\oski0\\onedrive\\pulpit\\sfml\\include\\sfml\\graphics\\rendertexture.hpp",
            "c:\\users\\oski0\\onedrive\\pulpit\\sfml\\include\\sfml\\graphics\\renderwindow.hpp",
            "c:\\users\\oski0\\onedrive\\pulpit\\sfml\\include\\sfml\\graphics\\shader.hpp",
            "c:\\users\\oski0\\onedrive\\pulpit\\sfml\\include\\sfml\\graphics\\glsl.hpp",
            "c:\\users\\oski0\\onedrive\\pulpit\\sfml\\include\\sfml\\graphics\\glsl.inl",
            "c:\\users\\oski0\\onedrive\\pulpit\\sfml\\include\\sfml\\graphics\\sprite.hpp",
            "c:\\users\\oski0\\onedrive\\pulpit\\sfml\\include\\sfml\\graphics\\text.hpp",
            "c:\\users\\oski0\\onedrive\\pulpit\\sfml\\include\\sfml\\graphics\\vertexbuffer.hpp",
            "c:\\program files\\microsoft visual studio\\2022\\community\\vc\\tools\\msvc\\14.39.33519\\include\\iostream",
            "c:\\program files\\microsoft visual studio\\2022\\community\\vc\\tools\\msvc\\14.39.33519\\include\\istream"
        ],
        "ImportedModules": [
            {
                "Name": "State",
                "BMI": "C:\\Users\\oski0\\source\\repos\\c99d292d-gr31-repo\\Projekt\\FlappyBird\\FlappyBird\\x64\\Debug\\State.ixx.ifc.dt"
            },
            {
                "Name": "Definitions",
                "BMI": "C:\\Users\\oski0\\source\\repos\\c99d292d-gr31-repo\\Projekt\\FlappyBird\\FlappyBird\\x64\\Debug\\Definitions.ixx.ifc.dt"
            }
        ],
        "ImportedHeaderUnits": []
    }
}